eventid,producerid,eventtype,correlationid,timestamp,payload
cd730b2d-05d5-4d68-a2f2-2937fdff32f1,producer-2,USER_SIGNED_UP,9fe4b25a-d7f1-4452-83c9-ea751fc99069,2026-02-20T11:08:01.675501Z,"{\"orderId\":\"ORD-1001\",\"amount\":100.99}"
a0181430-bb98-4c1a-89db-08540df9b992,producer-3,ORDER_CREATED,162bac7c-4cb4-44c7-b053-514535889f1e,2026-02-20T11:08:01.676068Z,"{\"orderId\":\"ORD-1002\",\"amount\":101.99}"
43c6dbb3-961d-439f-a5f8-d580f10ec275,producer-4,USER_SIGNED_UP,55c14813-875a-4831-9303-a55356eecf27,2026-02-20T11:08:01.676122Z,"{\"orderId\":\"ORD-1003\",\"amount\":102.99}"
2b76ce8d-d0b5-41a0-b52f-e635d79bc28a,producer-5,ORDER_CREATED,cb4081e5-bfa6-400d-b37d-4a726ae14d71,2026-02-20T11:08:01.676162Z,"{\"orderId\":\"ORD-1004\",\"amount\":103.99}"
26a741d0-91bc-4d9b-a3e0-87873999e8e9,producer-1,USER_SIGNED_UP,787394dc-e7ef-4255-a4d6-83c1b558fdcd,2026-02-20T11:08:01.676234Z,"{\"orderId\":\"ORD-1005\",\"amount\":104.99}"
7fba8411-6746-4fe5-925a-f713d9105d33,producer-2,ORDER_CREATED,4a467b40-8cbe-401c-a9de-58351a182e2c,2026-02-20T11:08:01.676276Z,"{\"orderId\":\"ORD-1006\",\"amount\":105.99}"
d456dcba-75c9-429e-8da8-1a7fb79ac0ef,producer-3,USER_SIGNED_UP,101317f3-c855-4f4a-9458-007b10dc95e4,2026-02-20T11:08:01.676315Z,"{\"orderId\":\"ORD-1007\",\"amount\":106.99}"
64c74bb4-0334-46cb-ab9c-6f02e5bab355,producer-4,ORDER_CREATED,ff26a252-aec9-4325-80e4-a3d8cdbd21df,2026-02-20T11:08:01.676363Z,"{\"orderId\":\"ORD-1008\",\"amount\":107.99}"
d451af3a-e9bb-41e3-bbd8-883dbaa9c0f9,producer-5,USER_SIGNED_UP,dc8f0ac6-31a6-4054-a325-88108b01de22,2026-02-20T11:08:01.676406Z,"{\"orderId\":\"ORD-1009\",\"amount\":108.99}"
cc95d4e3-f909-43bf-a1fa-77f7c8a1ff72,producer-1,ORDER_CREATED,96077db4-0445-439f-890b-5604aa9b503b,2026-02-20T11:08:01.676447Z,"{\"orderId\":\"ORD-1010\",\"amount\":109.99}"
21cfabd6-5a74-44b1-a27c-b31c45e6b0d7,producer-2,USER_SIGNED_UP,5aa373a7-5755-4655-9f5e-af8c1cb8c8eb,2026-02-20T11:08:01.676490Z,"{\"orderId\":\"ORD-1011\",\"amount\":110.99}"
7b2699b7-7185-4773-b8df-efa22772f1eb,producer-3,ORDER_CREATED,4e602640-1b6c-4166-ad07-6e1926d21658,2026-02-20T11:08:01.676524Z,"{\"orderId\":\"ORD-1012\",\"amount\":111.99}"
0306bba7-9abd-4417-b8ea-bf8cfdfba9f4,producer-4,USER_SIGNED_UP,00763917-8a76-438f-be8a-0ca70a38bc6e,2026-02-20T11:08:01.676559Z,"{\"orderId\":\"ORD-1013\",\"amount\":112.99}"
89b63058-1411-456f-a4a0-77d5cf381e1c,producer-5,ORDER_CREATED,4b34767f-9d0f-47a7-bf7c-4f4b0c438a14,2026-02-20T11:08:01.676597Z,"{\"orderId\":\"ORD-1014\",\"amount\":113.99}"
68cd364f-b7b6-4802-8648-b4a6e84e1f1d,producer-1,USER_SIGNED_UP,5ae5d250-8c3d-4d6f-89a2-98472f31819f,2026-02-20T11:08:01.676640Z,"{\"orderId\":\"ORD-1015\",\"amount\":114.99}"
3a89df66-47a4-413a-92d1-f172773cd0b5,producer-2,ORDER_CREATED,60ebf178-31d5-4194-839b-8288299c58b2,2026-02-20T11:08:01.676673Z,"{\"orderId\":\"ORD-1016\",\"amount\":115.99}"
f549cbf4-0e09-4da7-8d30-a67085a949a6,producer-3,USER_SIGNED_UP,2313b83a-b2ec-47cb-a21e-1ee338a12b86,2026-02-20T11:08:01.676709Z,"{\"orderId\":\"ORD-1017\",\"amount\":116.99}"
c2723ee5-50ae-4285-a316-724e487e1c35,producer-4,ORDER_CREATED,c72034bc-c131-4622-9b7f-4179e7fda6e2,2026-02-20T11:08:01.676745Z,"{\"orderId\":\"ORD-1018\",\"amount\":117.99}"
793d4b31-8332-4e7f-a5dd-bb63e36df98d,producer-5,USER_SIGNED_UP,4ba70ff6-c1cb-4502-9db0-b871a35affed,2026-02-20T11:08:01.676773Z,"{\"orderId\":\"ORD-1019\",\"amount\":118.99}"
87c9e154-21e6-4d5e-9622-835f1dc8ad2f,producer-1,ORDER_CREATED,4905912c-56e1-4f3e-91ab-bcb1d8502c9e,2026-02-20T11:08:01.676806Z,"{\"orderId\":\"ORD-1020\",\"amount\":119.99}"
80438626-f4f2-4698-b21c-f700fcebb20c,producer-2,USER_SIGNED_UP,140dec62-900f-49e7-ac19-6c5ded664fdd,2026-02-20T11:08:01.676839Z,"{\"orderId\":\"ORD-1021\",\"amount\":120.99}"
92a9149a-2655-4df0-8510-1aa08f8c2798,producer-3,ORDER_CREATED,aca96fcc-86b1-434e-a6de-78a12efd9f78,2026-02-20T11:08:01.676868Z,"{\"orderId\":\"ORD-1022\",\"amount\":121.99}"
7c6ddbe8-89d6-46dd-92c1-06b24c6ac829,producer-4,USER_SIGNED_UP,007b6c3e-8fd5-4f49-9046-7745ad794df3,2026-02-20T11:08:01.676909Z,"{\"orderId\":\"ORD-1023\",\"amount\":122.99}"
72db8691-ba6b-43fb-bc81-75a8bb29f0b9,producer-5,ORDER_CREATED,ff84633f-5112-4b61-b707-7de6ee093428,2026-02-20T11:08:01.676941Z,"{\"orderId\":\"ORD-1024\",\"amount\":123.99}"
afe088f8-6472-4766-a685-5a544de4dfda,producer-1,USER_SIGNED_UP,21ac6b20-f147-4727-80f6-a5cbf38bb9ea,2026-02-20T11:08:01.676976Z,"{\"orderId\":\"ORD-1025\",\"amount\":124.99}"
feee5e3e-bf4f-43fc-a6ac-bf475013d432,producer-2,ORDER_CREATED,c266991c-b9fe-44e8-a987-fb5bba99a480,2026-02-20T11:08:01.677015Z,"{\"orderId\":\"ORD-1026\",\"amount\":125.99}"
9cb22135-f7ec-470f-adcc-e5723d8fe2c1,producer-3,USER_SIGNED_UP,b39054a3-06cb-4e91-b7e2-d9231850876c,2026-02-20T11:08:01.677048Z,"{\"orderId\":\"ORD-1027\",\"amount\":126.99}"
0ca5b41c-8878-475c-959c-adca4fac3a9b,producer-4,ORDER_CREATED,ed951444-1109-4dd1-9152-8790c3d7f0c6,2026-02-20T11:08:01.677088Z,"{\"orderId\":\"ORD-1028\",\"amount\":127.99}"
d89f5805-cb1c-47b2-8b18-5d0bf4c33b2f,producer-5,USER_SIGNED_UP,9b018670-335d-4dc3-889b-dfb31b9c45ba,2026-02-20T11:08:01.677135Z,"{\"orderId\":\"ORD-1029\",\"amount\":128.99}"
212561dc-8c02-442f-8d24-44e9058a9b03,producer-1,ORDER_CREATED,a708e6bd-030e-4cb9-8603-adcbc7e46937,2026-02-20T11:08:01.677169Z,"{\"orderId\":\"ORD-1030\",\"amount\":129.99}"
278676d2-1013-441d-aa7d-9ed0f5a8d569,producer-2,USER_SIGNED_UP,72e4668a-049e-4c34-92cb-74a791e4a184,2026-02-20T11:08:01.677200Z,"{\"orderId\":\"ORD-1031\",\"amount\":130.99}"
fc1abb58-b7cf-4179-87bc-a46764db69e1,producer-3,ORDER_CREATED,a0da6940-3eec-4105-8c32-626f44d4e6b3,2026-02-20T11:08:01.677236Z,"{\"orderId\":\"ORD-1032\",\"amount\":131.99}"
ee208066-c382-48cb-9bce-004a67f602c2,producer-4,USER_SIGNED_UP,4b0ecffb-bd77-49a5-af53-a83ec2c7d194,2026-02-20T11:08:01.677284Z,"{\"orderId\":\"ORD-1033\",\"amount\":132.99}"
437eb0d7-1b0b-48d6-a6e5-b2a9a5a9c212,producer-5,ORDER_CREATED,a91901ee-6443-4ec1-a99f-a818b716f221,2026-02-20T11:08:01.677321Z,"{\"orderId\":\"ORD-1034\",\"amount\":133.99}"
c6826046-1a97-49a8-a39a-3a4cda7c83ca,producer-1,USER_SIGNED_UP,50b041bc-08e9-41ae-936a-35950e2f4fc6,2026-02-20T11:08:01.677355Z,"{\"orderId\":\"ORD-1035\",\"amount\":134.99}"
4fb18603-8f2d-422a-bab3-8bbdfde6c33c,producer-2,ORDER_CREATED,9722d250-267d-49f4-9409-277a64284b94,2026-02-20T11:08:01.677391Z,"{\"orderId\":\"ORD-1036\",\"amount\":135.99}"
77d162a3-d02a-4d11-8ffb-1940d84b88b9,producer-3,USER_SIGNED_UP,a39502a5-f280-4cda-9716-ae7875a0eed6,2026-02-20T11:08:01.677419Z,"{\"orderId\":\"ORD-1037\",\"amount\":136.99}"
4489c798-4f8e-467f-b8de-f72fb487217c,producer-4,ORDER_CREATED,a8cf1a5a-4c03-41ec-a12f-cf67645f5255,2026-02-20T11:08:01.677456Z,"{\"orderId\":\"ORD-1038\",\"amount\":137.99}"
6b3687f3-a648-4158-aa8d-874b7303b410,producer-5,USER_SIGNED_UP,1dbabe74-548e-4715-9b37-7c661eb5ad89,2026-02-20T11:08:01.677490Z,"{\"orderId\":\"ORD-1039\",\"amount\":138.99}"
0d9babc1-8d69-45ae-889a-d829c0596f0e,producer-1,ORDER_CREATED,0c7ec439-dd74-4bad-9f4b-df080740ece4,2026-02-20T11:08:01.677521Z,"{\"orderId\":\"ORD-1040\",\"amount\":139.99}"
02ccf624-d96b-43eb-9a76-522ac0b97ec0,producer-2,USER_SIGNED_UP,356fd4c6-8c5f-4d9e-bd43-6cd8b48fe4e2,2026-02-20T11:08:01.677559Z,"{\"orderId\":\"ORD-1041\",\"amount\":140.99}"
bdafff8d-9d41-448d-a549-7b127a4818ca,producer-3,ORDER_CREATED,b5bb7647-e536-44c9-b024-e0bdc57d7548,2026-02-20T11:08:01.677587Z,"{\"orderId\":\"ORD-1042\",\"amount\":141.99}"
6714cbc3-bc1e-4258-b814-a07fb026321d,producer-4,USER_SIGNED_UP,74b99d6e-cd83-44c6-bb29-7dbca04fa1c4,2026-02-20T11:08:01.677620Z,"{\"orderId\":\"ORD-1043\",\"amount\":142.99}"
89630742-3567-4ac6-8573-b045d8f1d6f3,producer-5,ORDER_CREATED,cc39918e-9052-4495-afeb-cc74bf379f73,2026-02-20T11:08:01.677657Z,"{\"orderId\":\"ORD-1044\",\"amount\":143.99}"
16d906af-e373-44b6-8406-fc360d3c22cd,producer-1,USER_SIGNED_UP,90258dc4-2192-4b74-a523-a3fabe1e3ed3,2026-02-20T11:08:01.677689Z,"{\"orderId\":\"ORD-1045\",\"amount\":144.99}"
f4078e3c-d884-4e43-b8ba-be02ca49c281,producer-2,ORDER_CREATED,0e2deb4f-6ffd-4588-ad53-8070f65c46c3,2026-02-20T11:08:01.677716Z,"{\"orderId\":\"ORD-1046\",\"amount\":145.99}"
e44c750e-5320-41cc-8bb3-b92637586561,producer-3,USER_SIGNED_UP,7e977bc1-84ad-480c-a6a5-51714217379c,2026-02-20T11:08:01.677751Z,"{\"orderId\":\"ORD-1047\",\"amount\":146.99}"
fe0b158c-f10c-4602-b812-c5954c7ab315,producer-4,ORDER_CREATED,56cc008e-72c1-4169-a1b1-5caa632ed1c2,2026-02-20T11:08:01.677780Z,"{\"orderId\":\"ORD-1048\",\"amount\":147.99}"
38f71ad7-8696-4c2c-be52-0b302c4a9a06,producer-5,USER_SIGNED_UP,db31d6d4-0dae-47f6-8871-5655deba8515,2026-02-20T11:08:01.677807Z,"{\"orderId\":\"ORD-1049\",\"amount\":148.99}"
6dca6da3-9628-4b3f-83c4-dd027b58bdaa,producer-1,ORDER_CREATED,17c632dd-0dc6-4c54-8cb9-6b8e88641ffd,2026-02-20T11:08:01.677844Z,"{\"orderId\":\"ORD-1050\",\"amount\":149.99}"
